Package,Function Name,Complexity,Location
msp,(*MspController).deploySMSP,64,smsp_deployment.go
msp,(*MspController).DestroyCluster,50,msp_controller.go
msp,(*MspController).reconcileRegistry,45,msp_registry.go
msp,(*MspConvertHATaskHandler).Run,43,cluster_convert_ha_task.go
msp,HandleControllerUpgrade,41,msp_controller_upgrade.go
msp,(*MspController).ScaleoutEtcd,40,msp_etcd.go
msp,(*MspController).ScaleoutMaster,37,msp_master.go
msp,(*MspConfig).FixupCMSPResourceSpec,36,cmsp_config.go
msp,(*MspEntity).ReconfigureIOEndpoints,33,ip_reconfig.go
msp,(*DeploymentProfile).Init,31,deployment_profile.go
msp,(*MspController).ScaleoutMspDNS,30,msp_dns.go
msp,ReplaceSvcCertificates,29,replace_service_certs.go
msp,(*MspConfig).RunPredeployChecks,29,msp_deploy_prechecks.go
msp,Init,29,msp.go
msp,(*MspConfig).LayoutStorageClassConfigV2,28,parse_msp_specs.go
msp,(*MspEntity).DVPIPReconfigure,28,ip_reconfig.go
msp,controllerSetup,26,msp_entity_helper.go
msp,(*MspController).deployStorageConfig,26,msp_controller.go
msp,(*MspConfig).populateEsxPlatformProvider,26,msp_config.go
msp,(*DeploymentProfile).getNodesForMasters,26,deployment_profile.go
msp,(*MspConfig).LayoutValuesNumWorkers,25,parse_msp_specs.go
msp,VerifyNameServerOnController,25,msp_dns.go
msp,(*MspController).fixupDNSEntries,25,msp_dns.go
msp,(*MspController).runStage,25,cmsp_deployment.go
msp,(*NodeWatcher).handleNodeAdded,24,node_reconciler.go
msp,(*MspController).addNetworkForMspDns,24,msp_dns.go
msp,(*MspController).OnMasterScaleout,23,msp_master.go
msp,(*MspController).updateRegistryOnControllerHost,23,msp_dns.go
msp,(*MspController).lockDownMSPCluster,23,msp_controller.go
msp,(*Msp).AutoPlatformUpgrade,23,msp.go
msp,(*ServiceMsp).Setup,22,service_msp.go
msp,(*MspConfig).LayoutValuesNumWorkersV2,22,parse_msp_specs.go
msp,(*DeploymentProfile).getNodesForWorkers,22,deployment_profile.go
msp,(*MspController).DeployOptimalNodePolicy,21,msp_policy.go
msp,(*MspController).setupEtcdCluster,21,msp_etcd.go
msp,(*MspConfig).IpSufficiencyCheck,21,msp_deploy_prechecks.go
msp,(*DeploymentProfile).addInterfaceToNode,21,deployment_profile.go
msp,(*MspController).MaybeUpgradeCmspRegistryImages,20,upgrade_cmsp_registry.go
msp,(*RotateRegistryCertTaskHandler).Run,20,rotate_registry_certs_task.go
msp,(*MspConfig).LayoutLoadBalancersConfig,20,parse_msp_specs.go
msp,(*MspVmCb).InitNodeCallback,20,deployment_profile.go
msp,ApplyFilterDnsmasqCoredns,20,common_msp.go
msp,(*PrimaryMsp).Setup,19,primary_msp.go
msp,AddCMSPUnManagedNodes,19,nodepool.go
msp,(*MspController).configureDockerRegistryOnNode,19,msp_registry.go
msp,(*MspController).deployMasters,19,msp_master.go
msp,(*MspController).HostUpgradeMsp,19,msp_host_upgrade.go
msp,(*Msp).GetMspClusterHealth,19,msp_health.go
msp,pcZkCallbackNtpServerUpdate,19,msp_etcd.go
msp,reconcileNodePoolsForMspContext,19,msp_entity_helper.go
msp,(*MspLbController).prepareForLBDeployment,19,lbctl.go
msp,deleteLBCWorkload,19,lb_upgrade_cb.go
msp,(*MspEntity).ReconfigurePCEndpoint,19,ip_reconfig.go
msp,(*DeploymentProfile).bootstrapMsp,19,deployment_profile.go
msp,(*Msp).AddLoadBalancerCfg,19,dc_lb.go
msp,(*MspController).UpdateCloudProvider,19,cloudprovider.go
msp,(*CertificateRotationParentTaskHandler).Run,19,certificate_rotation_parent_task.go
msp,(*MspConfig).LayoutWorkersConfig,18,parse_msp_specs.go
msp,(*MspConfig).LayoutStorageClassConfig,18,parse_msp_specs.go
msp,(*MspController).NodeSetup,18,msp_controller.go
msp,(*Msp).DiscoverService,18,msp_api_utils.go
msp,IsIpamConfigConflict,18,ipam.go
msp,(*DeploymentProfile).getNodesForEtcd,18,deployment_profile.go
msp,(*ClusterDeployTaskHandler).maybeRecoverFromRestart,18,cluster_deployment_parent_task.go
msp,(*ServiceMsp).AddCMspForwardingToCoreDNS,17,service_msp.go
msp,ReplaceCPCertificates,17,replace_cloud_provider_certs.go
msp,(*MspController).DeployMsp,17,msp_deployment.go
msp,redeployPLApps,17,msp_controller.go
msp,(*Msp).UpgradeMsp,17,msp.go
msp,(*EnvoyInstance).updateNetworks,17,envoy_deploy.go
msp,updateIPinDnsConfig,17,common_msp.go
msp,ReplaceCSICertificates,16,replace_csi_certificates.go
msp,(*MspConfig).GetLoadBalancerConfigFromSpec,16,parse_msp_specs.go
msp,(*MspController).PushImageToRegistry,16,msp_registry.go
msp,(*MspConfig).setupLBConfigFromPlatformResource,16,msp_lb_lib_platform_dep.go
msp,(*Msp).DownloadImage,16,msp_image_download.go
msp,upgradeLbNodePool,16,msp_host_upgrade.go
msp,(*MspController).fixupFlannelNetworkingOnNode,16,msp_flannel.go
msp,(*MspController).OnEtcdVmCreation,16,msp_etcd.go
msp,(*MspController).updateMspDnsNic,16,msp_dns.go
msp,(*MspController).setupMspDnsIp,16,msp_dns.go
msp,(*MspController).SetupWorkerOnConvertClusterHA,16,msp_controller.go
msp,(*MspController).deployAddons,16,msp_controller.go
msp,filterCaChain,16,msp.go
msp,(*Msp).bootstrapCA,16,msp.go
msp,(*MspEntity).updateCVMIPFqdnMap,16,ip_reconfig.go
msp,(*EnvoyInstance).fixupRequestedHostNetworkInterfaces,16,envoy_deploy.go
msp,(*DeploymentProfile).getNodesForScaleOutEtcd,16,deployment_profile.go
msp,(*DeploymentProfile).setupUnmanagedNodes,16,deployment_profile.go
msp,(*MspController).DeployCloudProvider,16,cloudprovider.go
msp,ReplaceLBCertificates,15,replace_lb_certs.go
msp,(*MspConfig).ParseMspSpecFiles,15,parse_msp_specs.go
msp,(*NodeWatcher).InitializeNodeStatus,15,node_reconciler.go
msp,(*MspController).deletePersistentLoggingVGs,15,msp_persistent_logging.go
msp,(*MspController).addApiServerEntryToHost,15,msp_master.go
msp,(*MspController).addhostsFileDNSEntries,15,msp_dns.go
msp,(*MspController).setupDnsVip,15,msp_dns.go
msp,(*MspController).deployMspControllerService,15,msp_controller_service.go
msp,(*MspConfig).fillK8sConfigFromK8sClusterStatus,15,msp_config.go
msp,(*MspConfig).getMonitoringSpec,15,msp_config.go
msp,(*Msp).DeployMsp,15,msp.go
msp,(*CMSPHelper).cleanup,15,cmsp_delete.go
msp,(*MspConfig).FixupLBResourceSpec,15,cmsp_config.go
msp,UploadPackageAndUpdateStatus,14,platform_upgrade_utils.go
msp,(*mspControllerHelper).storageClientPE,14,pe_storage_container.go
msp,DecryptAndUpdateRepo,14,msp_repo.go
msp,(*Msp).CleanupPrimaryMspEntity,14,msp.go
msp,(*Msp).CheckAndUpgradeBaseServices,14,msp.go
msp,(*Msp).RegisterIAMWatch,14,msp.go
msp,getMspInstance,14,msp.go
msp,(*Msp).initPrimaryMsp,14,msp.go
msp,createEnvoyNodePolicy,14,lb_controller.go
msp,(*MspLbController).getEnvoyConfig,14,lb_controller.go
msp,CheckLbConfig,14,lb_config.go
msp,(*MspController).stageDeployAPIServer,14,cmsp_deployment.go
msp,(*ClusterUpgradeTaskHandler).Run,14,cluster_upgrade_task.go
msp,(*RotateCertificatesTaskHandler).initWAL,14,certificate_rotation_task.go
msp,(*PlatformUpgradeConfig).setMonitoringCfg,13,platform_upgrade_utils.go
msp,(*MspConfig).LayoutEsxVMConfig,13,parse_msp_specs.go
msp,(*MspController).createRegistryDeployCfg,13,msp_registry.go
msp,(*MspController).DeploySingleNodePolicy,13,msp_policy.go
msp,(*MspController).updateRegistryEndpoint,13,msp_dns.go
msp,(*MspConfig).RunPlatformSpecificPredeploymentChecks,13,msp_deploy_prechecks.go
msp,(*MspController).listVGs,13,msp_controller.go
msp,(*MspConfig).DownloadGoldImage,13,msp_config.go
msp,(*Msp).CheckMspOperationsAllowed,13,msp.go
msp,(*Msp).SetupEcrForProxy,13,ecr_proxy.go
msp,ProxyCfgForURL,13,common_msp.go
msp,MaybeFixupCMSPInitConfig,13,common_msp.go
msp,(*MspController).stageDeployMspController,13,cmsp_deployment.go
msp,(*RotateCertificatesTaskHandler).Run,13,certificate_rotation_task.go
msp,(*MspController).getNonRegistryNode,12,upgrade_cmsp_registry.go
msp,(*ServiceMsp).AddForwardingDomainOnDNSNodes,12,service_msp.go
msp,RecoverIDFFromMetadata,12,recover_idf_from_metadata.go
msp,(*MspController).UpgradeMsp,12,platform_upgrade.go
msp,ClusterPlatformClientAndLocationInfo,12,package_upload.go
msp,AddNode,12,nodepool.go
msp,(*NodeWatcher).Start,12,node_reconciler.go
msp,ScrubEtcdDomainOnUpgrade,12,msp_scrub.go
msp,(*MspController).recoverRegistryImgIDFromVolume,12,msp_registry.go
msp,dockerProxyConfig,12,msp_registry.go
msp,(*MspController).isCMSPMasterInHA,12,msp_master.go
msp,(*MspController).RegisterDNSEntries,12,msp_dns.go
msp,(*MspController).setupMspBootstrappingDNS,12,msp_dns.go
msp,(*MspController).setupDnsHighAvailability,12,msp_dns.go
msp,(*MspConfig).AllocateFrontendIPs,12,ipam.go
msp,PCZkCallback,12,ip_reconfig.go
msp,(*MspController).initStage,12,cmsp_deployment.go
msp,(*MspController).removeOldDnsNicFromNodes,12,cmsp_delete.go
msp,createCMSPIPAM,12,cmsp.go
msp,runVersionPrechecks,12,cluster_upgrade_prechecks.go
msp,(*Msp).RunClusterUpgradePreChecks,12,cluster_upgrade_prechecks.go
msp,(*Msp).RunPackageUploadPreChecks,12,cluster_upgrade_prechecks.go
msp,fixServiceMsps,12,cluster_migration_task.go
msp,(*ClusterDeployTaskHandler).RunOrDispatchSubtasks,12,cluster_deployment_parent_task.go
msp,(*MspController).UpgradeAndVerifyBaseServices,12,base_services.go
msp,installAndVerify,12,base_services.go
msp,(*mspControllerHelper).storageClient,11,storage_client.go
msp,(*Msp).ReconcileServiceCerts,11,reconcile_service_cert.go
msp,(*MspConfig).LayoutPlatformClients,11,parse_msp_specs.go
msp,(*MspConfig).LayoutAhvVMConfig,11,parse_msp_specs.go
msp,UpdateNodes,11,nodepool.go
msp,applyNodePolicies,11,nodepool.go
msp,(*NodeWatcher).reconcileHostDNSResolv,11,node_reconciler.go
msp,(*NodeWatcher).checkKubeletStatus,11,node_reconciler.go
msp,(*NodeWatcher).handleNodeDeleted,11,node_reconciler.go
msp,(*APIServerKeepAlivedCfg).Configure,11,msp_k8s_callback.go
msp,copyLbHostUpgradeFiles,11,msp_host_upgrade.go
msp,handleConfigEntityUpgrade,11,msp_entity_helper.go
msp,(*MspController).updateDnsMasqConfig,11,msp_dns.go
msp,updatePLAppYAML,11,msp_controller.go
msp,(*MspController).CreateStorageForWorkloadIdentity,11,msp_controller.go
msp,(*MspController).addWorkerNodes,11,msp_controller.go
msp,(*MspController).updateK8sClusterConfig,11,msp_controller.go
msp,copyStruct,11,msp_config.go
msp,GenerateCertsAndMount,11,msp_certs.go
msp,CheckCertExpiry,11,msp_api_utils.go
msp,(*Msp).GetDeploymentStatus,11,msp_api_utils.go
msp,(*Msp).getFileDownloadCmd,11,msp.go
msp,(*Msp).SetCMspParams,11,msp.go
msp,(*MspLbController).DeployLBController,11,lbctl.go
msp,(*MspLbController).createEnvoyInstance,11,lb_controller.go
msp,restartDVPandServices,11,ip_reconfig.go
msp,(*MspEntity).MPIOIPReconfigure,11,ip_reconfig.go
msp,(*EnvoyInstance).copyEnvoyFiles,11,envoy_deploy.go
msp,(*DownloadGoldImageTaskHandler).Run,11,download_image_task.go
msp,(*DeploymentProfile).setupCMspConfig,11,deployment_profile.go
msp,copyAllHostUpgradeScripts,11,common_msp.go
msp,GetAllK8sIPs,11,common_msp.go
msp,ReInitRegistryObject,11,common_msp.go
msp,(*MspController).stagePrepopulateRegistry,11,cmsp_deployment.go
msp,(*MspController).stageDeployWorkloadIdentity,11,cmsp_deployment.go
msp,(*Msp).runHostUpgradePreChecks,11,cluster_upgrade_prechecks.go
msp,AbortPendingTasks,11,cluster_destroy_task.go
msp,(*ClusterDeployTaskHandler).runDeploySMSP,11,cluster_deployment_parent_task.go
msp,(*MspController).DeployAndVerifyBaseServices,11,base_services.go
msp,AirGapChecks,11,airgap.go
msp,(*AirGap).PushServiceDockerImage,11,airgap.go
msp,(*VersionStatus).SetVersionStatus,10,version_status.go
msp,GetPendingClusterTask,10,task_utils.go
msp,(*ServiceMsp).ChangeKubeletDomain,10,service_msp.go
msp,(*ServiceMsp).OnMspDnsSet,10,service_msp.go
msp,(*PrimaryMsp).GetLBAuthMethod,10,primary_msp.go
msp,uploadPackageInLocalRegistry,10,platform_upgrade_utils.go
msp,(*MspController).getK8sUpgradeComponents,10,platform_upgrade.go
msp,(*mspControllerHelper).setupToolsUsingPlog,10,persistent_logging_tools.go
msp,(*MspController).removePBRConfig,10,pbr_delete.go
msp,(*MspConfig).LayoutBaseStorageClassConfig,10,parse_msp_specs.go
msp,RemoveNode,10,nodepool.go
msp,restartAllKubelets,10,nodepool.go
msp,(*NodeWatcher).kubeletRestart,10,node_reconciler.go
msp,(*mspControllerHelper).setupISCSIRecovery,10,msp_tools.go
msp,(*MspController).setupApiAccessSA,10,msp_service_acct.go
msp,(*mspControllerHelper).setupLocalRegistry,10,msp_registry.go
msp,fillExistingPolicies,10,msp_policy.go
msp,(*MspController).updateDnsHA,10,msp_dns.go
msp,(*MspController).switchMspDnsNic,10,msp_dns.go
msp,(*MspController).CreateK8sMspConfigMap,10,msp_controller_service.go
msp,(*MspController).ReconfigureMonitoring,10,msp_controller.go
msp,(*MspController).CreateAzureStorage,10,msp_controller.go
msp,(*MspController).deployServiceMonitorYamls,10,msp_controller.go
msp,(*MspController).deployFluentbitOnEnvoy,10,msp_controller.go
msp,(*MspController).deployLoggingMonitoring,10,msp_controller.go
msp,(*MspConfig).UpdatePlatformProviders,10,msp_config.go
msp,(*MspConfig).populateAhvPlatformProvider,10,msp_config.go
msp,(*MspConfig).CreateKubernetesSpec,10,msp_config.go
msp,(*MspConfig).getResourceProfile,10,msp_config.go
msp,CheckPFClientConfigSecretExpiry,10,msp_api_utils.go
msp,(*Msp).CheckStaticCidrOverlaps,10,msp_api_utils.go
msp,(*Msp).SetServiceMspParams,10,msp.go
msp,(*Msp).MayBeOverrideDefRepoDuringInit,10,msp.go
msp,deleteLBCMounts,10,lb_upgrade_cb.go
msp,getEnvoyFirewallConfig,10,envoy_deploy.go
msp,(*Msp).ecrNoProxyEnv,10,ecr_proxy.go
msp,(*Msp).UseExistingLoadBalancer,10,dc_lb.go
msp,getBootDiskImage,10,create_nodepool_task.go
msp,(*MspController).stageDeployBootNode,10,cmsp_deployment.go
msp,(*MspController).stageSetupMspDns,10,cmsp_deployment.go
msp,(*MspConfig).WaitForPCSync,10,cmsp.go
msp,(*ClusterUpgradeTaskHandler).initWAL,10,cluster_upgrade_task.go
msp,(*ClusterDeployTaskHandler).maybeSetMspConfig,10,cluster_deployment_parent_task.go
msp,RotateCerts,10,certificate_rotation_parent_task.go
msp,(*CertificateRotationParentTaskHandler).initWAL,10,certificate_rotation_parent_task.go
msp,(*CertificateReplacementTaskHandler).initWAL,10,cert_replacement_task.go
msp,(*CertificateReplacementTaskHandler).Run,10,cert_replacement_task.go
msp,getSaltStatesBundle,9,salt.go
msp,(*RotateEtcdCertificatesTaskHandler).Run,9,rotate_etcd_certs_task.go
msp,pcZkCallbackAddMspDomainHttpProxyWhiteList,9,proxy_config.go
msp,(*PrimaryMsp).AddForwardingDomain,9,primary_msp.go
msp,(*PrimaryMsp).GetAuthMethod,9,primary_msp.go
msp,(*MspConfig).LayoutNetworkConfig,9,parse_msp_specs.go
msp,(*MspConfig).ApplyClusterAnnotations,9,parse_msp_specs.go
msp,(*MspConfig).fillStorageConfigIps,9,parse_msp_specs.go
msp,uploadPlatformImage,9,package_upload.go
msp,setupTools,9,msp_tools.go
msp,(*MspController).registryNeedsReconciling,9,msp_registry.go
msp,(*MspController).PopulateVolumeFromLocalFile,9,msp_registry.go
msp,(*MspController).cloneParams,9,msp_registry.go
msp,(*mspControllerHelper).attachLoggingVgWorkerVM,9,msp_persistent_logging.go
msp,(*Msp).CleanupHostImageEntities,9,msp_image_download.go
msp,(*HostUpgradeMspCb).UpgradeNodeCallback,9,msp_host_upgrade.go
msp,RegenerateHostUpgradeScripts,9,msp_host_upgrade.go
msp,(*MspController).OnEtcdClusterScaleout,9,msp_etcd.go
msp,UpgradeToolsNode,9,msp_entity_helper.go
msp,(*MspController).updateHostConfig,9,msp_dns.go
msp,(*MspController).GetServiceRegistryEndpoint,9,msp_dns.go
msp,checkIPSufficiency,9,msp_deploy_prechecks.go
msp,(*MspController).updateLoadBalancerConfigs,9,msp_controller.go
msp,(*MspController).cleanMSPVolumes,9,msp_controller.go
msp,(*MspConfig).populatePEPlatformProvider,9,msp_config.go
msp,processMetadataFile,9,msp_config.go
msp,(*Msp).DownloadFile,9,msp.go
msp,(*Msp).LockDownMspCluster,9,msp.go
msp,(*Msp).CleanupSMspEntity,9,msp.go
msp,linkSmspstoCmsp,9,link_pending_smsp_task.go
msp,(*MspLbController).DeployLoadBalancer,9,lb_controller.go
msp,restartDVP,9,ip_reconfig.go
msp,ManualHostPEReconfig,9,ip_reconfig.go
msp,(*EnvoyUpgradeCallback).OperationCallback,9,envoy_upgrade_cp.go
msp,(*Envoy).deployEnvoyInstanceOnNode,9,envoy_deploy.go
msp,(*DeploymentProfile).getNodesForEnvoyContainer,9,deployment_profile.go
msp,(*DeploymentProfile).addInterNodeRoutes,9,deployment_profile.go
msp,(*CreateNodePoolTaskHandler).Run,9,create_nodepool_task.go
msp,setupFirewallOnNode,9,common_msp.go
msp,autoPlatformUpgradeCluster,9,common_msp.go
msp,FixKubeletAndRemoveTaintOnMaster,9,common_msp.go
msp,(*MspController).stageSetupEtcdCluster,9,cmsp_deployment.go
msp,(*MspController).stageAddWorkerNodes,9,cmsp_deployment.go
msp,(*MspConfig).overlayMPIO,9,cmsp_config.go
msp,runPrechecks,9,cluster_convert_ha_task.go
msp,isBaseSvcEnabled,9,base_services.go
msp,postAndVerifySubService,9,base_services.go
msp,(*ScrubCertificatesAfterRecoveryTaskHandler).Run,8,scrub_certificates_after_recovery_parent_task.go
msp,RotateAddonsCertificates,8,rotate_addons_certs.go
msp,ReplaceDVPCertificates,8,replace_dvp_certificates.go
msp,unmarshalEntities,8,recover_idf_from_metadata.go
msp,createUpdateArg,8,recover_idf_from_metadata.go
msp,(*PrimaryMsp).RemoveDomainForDnsForwarding,8,primary_msp.go
msp,(*PrimaryMsp).OnMspDnsSet,8,primary_msp.go
msp,(*PlatformUpgradeConfig).setCSIDriverCfg,8,platform_upgrade_utils.go
msp,(*MspController).getMSPUpgradeComponents,8,platform_upgrade.go
msp,(*MspController).upgrade,8,platform_upgrade.go
msp,uploadHostImage,8,package_upload.go
msp,(*NodeWatcher).reconcileState,8,node_reconciler.go
msp,(*NodeWatcher).getNodeDetails,8,node_reconciler.go
msp,(*NodeWatcher).markNodeDeleted,8,node_reconciler.go
msp,mayBeUnmountStalePVCmounts,8,node_config_update.go
msp,ScrubEtcdClustersOnUpgrade,8,msp_scrub.go
msp,(*MspController).startDockerRegistryOnNode,8,msp_registry.go
msp,(*MspController).MayBeSetCloneParams,8,msp_registry.go
msp,(*MspController).OnWorkerDeployed,8,msp_k8s_callback.go
msp,changeKubeletRootDir,8,msp_host_upgrade.go
msp,CheckLBHealth,8,msp_health.go
msp,(*MspConfig).IpAvailabilityCheck,8,msp_deploy_prechecks.go
msp,(*MspController).UploadWokloadIdentityCreds,8,msp_controller.go
msp,deployPLAppYAML,8,msp_controller.go
msp,(*MspController).deleteVGs,8,msp_controller.go
msp,(*MspController).deleteMSPPVCs,8,msp_controller.go
msp,(*MspController).deployMspServiceRegistry,8,msp_controller.go
msp,(*MspController).getCPConfig,8,msp_controller.go
msp,(*Msp).HandleMspVersionUpgrade,8,msp.go
msp,(*Msp).MaybeRemoveMSPMigratedClusters,8,msp.go
msp,(*Msp).SetupMigration,8,msp.go
msp,(*Msp).initServicesMsp,8,msp.go
msp,(*Msp).CreateServiceMspEntity,8,msp.go
msp,updateNodePoolAndReconcilePolicy,8,msp.go
msp,(*MspLbController).Cleanup,8,lb_controller.go
msp,(*MspEntity).CreateK8sMspConfigMap,8,ip_reconfig.go
msp,(*EnvoyInstance).Cleanup,8,envoy_deploy.go
msp,MaybeUpdateFlannel,8,common_msp.go
msp,UpgradeRegistryDB,8,common_msp.go
msp,fixForwardingDnsAndSearchDomainEntries,8,cmsp_utils.go
msp,(*PackageUploadTaskHandler).Run,8,cluster_upgrade_task.go
msp,(*PackageUploadTaskHandler).initWAL,8,cluster_upgrade_task.go
msp,checkControllerVersionCompatibility,8,cluster_upgrade_prechecks.go
msp,(*Msp).runCommonUpgradePrechecks,8,cluster_upgrade_prechecks.go
msp,runPostDeploymentMigrationSteps,8,cluster_migration_task.go
msp,(*ClusterMigrationTaskHandler).Run,8,cluster_migration_task.go
msp,verifyCMSPNetConfig,8,cluster_convert_ha_task.go
msp,(*BaseServicesDeployHandler).Run,8,base_services_task.go
msp,installAndVerifyCAPI,8,base_services.go
msp,(*MspController).deleteUpgradeRegistryQcow2,7,upgrade_cmsp_registry.go
msp,(*ServiceMsp).AddCMSPSearchDomain,7,service_msp.go
msp,(*ServiceMsp).GetLBAuthMethod,7,service_msp.go
msp,(*ScrubCertificatesAfterRecoveryTaskHandler).initWAL,7,scrub_certificates_after_recovery_parent_task.go
msp,(*RotateK8sApiServerCertificatesTaskHandler).Run,7,rotate_k8s_api_server_certs_task.go
msp,(*RotateCorednsCertificatesTaskHandler).Run,7,rotate_coredns_certs_task.go
msp,getNodesForCertReplacement,7,replace_dvp_certificates.go
msp,updateCpDaemonSet,7,replace_cloud_provider_certs.go
msp,RegistryDownloadCheck,7,registry_check.go
msp,(*ReconcileCertTaskHandler).Run,7,reconcile_service_cert_task.go
msp,ZkCAChainCallback,7,reconcile_service_cert.go
msp,(*PrimaryMsp).GetDnsNetwork,7,primary_msp.go
msp,(*PrimaryMsp).GetApiNetworkInterface,7,primary_msp.go
msp,(*PrimaryMsp).InitOnResume,7,primary_msp.go
msp,(*PlatformUpgradeConfig).setLoggingCfg,7,platform_upgrade_utils.go
msp,(*NodeWatcher).updateNodeStatus,7,node_reconciler.go
msp,(*NodeWatcher).handleNodeUpdated,7,node_reconciler.go
msp,(*MspMutatorService).DeployAndVerifyMSPMutator,7,mutator.go
msp,(*MspMutatorService).DeployMutatorWithConfiguration,7,mutator.go
msp,EncryptAndUpdateRepo,7,msp_repo.go
msp,(*Msp).MayBeOverrideDefaultRepo,7,msp_repo.go
msp,getNodeCurrentState,7,msp_registry.go
msp,ApplyNodePolicies,7,msp_policy.go
msp,(*mspControllerHelper).UpgradePersistentLoggingScript,7,msp_persistent_logging.go
msp,createAuthClientLeafCertificate,7,msp_entity_helper.go
msp,(*MspController).cleanupDnsEntries,7,msp_dns.go
msp,(*MspController).addDNSSupportToNode,7,msp_dns.go
msp,getDnsIp,7,msp_dns.go
msp,getDNSNicFromNode,7,msp_dns.go
msp,(*MspController).enableRegistryLookupOnControllerHost,7,msp_dns.go
msp,(*MspConfig).GenerateUuidAndSpec,7,msp_deploy_prechecks.go
msp,(*MspController).SetupLBOnConvertClusterHA,7,msp_controller.go
msp,(*MspController).loadFluentbitImg,7,msp_controller.go
msp,(*MspController).SetupWatchers,7,msp_controller.go
msp,(*MspController).setupLoadBalancing,7,msp_controller.go
msp,(*MspConfig).setFromClusterStatus,7,msp_config.go
msp,(*MspConfig).ParseDeploymentSpec,7,msp_config.go
msp,(*MspConfig).MayBeSkipDownload,7,msp_config.go
msp,(*MspConfig).configureSMTP,7,msp_config.go
msp,(*Msp).MigrationPrechecks,7,msp_api_utils.go
msp,(*Msp).EnableAPIServerLookup,7,msp.go
msp,(*Msp).reconcileNodePools,7,msp.go
msp,(*Msp).CanDeployPrimaryMSP,7,msp.go
msp,(*Msp).InitializeRepoConfig,7,msp.go
msp,(*Msp).DestroyCluster,7,msp.go
msp,(*Msp).ReInitRegistryObjects,7,msp.go
msp,(*Msp).UpdateAirGapCfgFromLcm,7,msp.go
msp,(*Msp).InitPlatformProviders,7,msp.go
msp,(*Msp).InitOnRestart,7,msp.go
msp,MaybeRecover,7,maybe_recover.go
msp,(*MspLbController).setupLbControllerConfigMap,7,lbctl.go
msp,(*LBCUpgradeCallback).PreReqCallback,7,lb_upgrade_cb.go
msp,applyLBMutatorConfigMap,7,lb_upgrade_cb.go
msp,(*MspConfig).AllocateManagementIPs,7,ipam.go
msp,(*EnvoyVmCb).InitNodeCallback,7,envoy_deploy.go
msp,EnvoyGetAuthInfo,7,envoy_deploy.go
msp,(*MspVmCb).PreCreateNodeCallback,7,deployment_profile.go
msp,(*Msp).ReleaseLoadBalancer,7,dc_lb.go
msp,getBootDiskQcowSpec,7,create_nodepool_task.go
msp,(*MspController).stageSetupRegistry,7,cmsp_deployment.go
msp,(*MspController).stageDeployLB,7,cmsp_deployment.go
msp,(*MspController).stageDeployLoggginMonitoring,7,cmsp_deployment.go
msp,(*MspConfig).populatePlatformClients,7,cmsp_config.go
msp,checkNtnxAPIAccess,7,cluster_upgrade_prechecks.go
msp,(*Msp).runPlatformUpgradePreChecks,7,cluster_upgrade_prechecks.go
msp,(*ClusterDeployTaskHandler).initWAL,7,cluster_deployment_parent_task.go
msp,cancelPendingTaskHelper,7,cluster_deployment_parent_task.go
msp,(*MspConvertHATaskHandler).UpdateTaskProgress,7,cluster_convert_ha_task.go
msp,(*MspController).getCCMServiceAcctAuthInfo,7,cloudprovider.go
msp,DeleteBaseServices,7,base_services.go
msp,AddBaseServices,7,base_services.go
msp,(*ServiceMsp).GetAuthMethod,6,service_msp.go
msp,setupSaltOnNode,6,salt.go
msp,rotateRegistryCertsForLB,6,rotate_registry_certs_task.go
msp,(*RotateMsrCertificatesTaskHandler).Run,6,rotate_msr_certs_task.go
msp,deleteStoragePlatformClients,6,rotate_msp_entity_certs.go
msp,(*RotateMspEntityCertTaskHandler).Run,6,rotate_msp_entity_certs.go
msp,updatePFConfigSecret,6,replace_cloud_provider_certs.go
msp,ecrDownloadCheck,6,registry_check.go
msp,(*RecoverFromSavedMetadataTaskHandler).initWAL,6,recover_from_saved_metadata_parent_task.go
msp,UpdateDockerConfigHttpProxy,6,proxy_config.go
msp,(*PrimaryMsp).GetDnsNetworkInterfaceNo,6,primary_msp.go
msp,(*PrimaryMsp).GetISCSIIQNName,6,primary_msp.go
msp,usingVolumePlugin,6,primary_msp.go
msp,(*PrimaryMsp).GetCertChain,6,primary_msp.go
msp,(PlatformProgressMonitor).UpdateProgressMonitor,6,platform_upgrade.go
msp,setupScavenger,6,persistent_logging_tools.go
msp,(*PcServices).RegisterPCServices,6,pc_services.go
msp,(*MspConfig).ParseRestApiMspSpecsV2,6,parse_msp_specs.go
msp,(*MspConfig).ParseRestApiMspSpecs,6,parse_msp_specs.go
msp,(*MspConfig).LayoutBaseServicesSpec,6,parse_msp_specs.go
msp,(*MspConfig).LayoutNodePoolConfig,6,parse_msp_specs.go
msp,updateNodeSpec,6,nodepool.go
msp,(*NodeWatcher).Stop,6,node_reconciler.go
msp,(*mspControllerHelper).setupMspTools,6,msp_tools.go
msp,(*MspController).resetSASecrets,6,msp_service_acct.go
msp,ScrubK8sClusterOnUpgrade,6,msp_scrub.go
msp,(*MspController).deleteDockerRegistryCert,6,msp_registry.go
msp,(*MspController).deleteRegistryDockerVolume,6,msp_registry.go
msp,(*MspController).restartKeepalived,6,msp_registry.go
msp,(*MspController).configureStartUpdateDockerRegistryOnNode,6,msp_registry.go
msp,(*MspController).createRegistry,6,msp_registry.go
msp,CreateNodePolicy,6,msp_policy.go
msp,createAntiAffinityNodePolicies,6,msp_policy.go
msp,CreatePlatformPackage,6,msp_package_state.go
msp,GetErrorStatusFromMsg,6,msp_nodepool_utils.go
msp,(*MspController).OnWorkerVmCreation,6,msp_k8s_callback.go
msp,MaybeUpdateHostImageId,6,msp_image_download.go
msp,maybeEnableRegistryAccessForLB,6,msp_host_upgrade.go
msp,(*HostUpgradeMspCb).PreUpgradeNodeCallback,6,msp_host_upgrade.go
msp,categorizeComponents,6,msp_health.go
msp,(*MspController).fixupNetwork,6,msp_flannel.go
msp,(*MspController).reconfigMasterWithEtcdEndpoints,6,msp_etcd.go
msp,(*MspController).PreEtcdVmConfigureOptionsHook,6,msp_etcd.go
msp,updateChronyConf,6,msp_etcd.go
msp,getCommonFirewallConfig,6,msp_entity_helper.go
msp,(*MspController).stubDnsConfig,6,msp_dns.go
msp,(*MspController).isDnsNicAlreadyCreated,6,msp_dns.go
msp,UpdateMspConfigParamsOnUpgrade,6,msp_controller_upgrade.go
msp,CreateJSONWebKeySetFromPrivateKey,6,msp_controller.go
msp,(*MspController).ScrubMspOnConvertHA,6,msp_controller.go
msp,(*MspController).setStoragePluginConfig,6,msp_controller.go
msp,(*MspConfig).fillLoadBalancersCfg,6,msp_config.go
msp,(*MspConfig).AllocateIPs,6,msp_config.go
msp,(*MspConfig).populateAzurePlatformProvider,6,msp_config.go
msp,generateServiceCert,6,msp_certs.go
msp,CreateUpdateAppEntry,6,msp_app.go
msp,DeleteAppCfgs,6,msp_app.go
msp,(*Msp).checkClusterMigratable,6,msp_api_utils.go
msp,(*Msp).GetReadyMspClusterList,6,msp_api_utils.go
msp,(*Msp).GetControllerInfo,6,msp.go
msp,(*Msp).IsPrimaryMspSuccessfullyDeployed,6,msp.go
msp,(*Msp).CreatePrimaryMspEntity,6,msp.go
msp,(*Msp).initDefaultPlatformClient,6,msp.go
msp,(*Msp).initDefaultPFClient,6,msp.go
msp,(*SmspLinkingTaskHandler).Run,6,link_pending_smsp_task.go
msp,(*MspLbController).createLbVolumeClaim,6,lbctl.go
msp,getNodeInstanceSpec,6,lb_controller.go
msp,LocationRestToIPAM,6,ipam.go
msp,logoutISCSISessions,6,ip_reconfig.go
msp,ipReconfigureForCSI,6,ip_reconfig.go
msp,(*MspEntity).RegisterPEZkWatches,6,ip_reconfig.go
msp,ReconfigureIOEndpoints,6,ip_reconfig.go
msp,(*Msp).IPReconfigZKWatch,6,ip_reconfig.go
msp,GetDownstreamTLSContext,6,envoy_utils.go
msp,updateEnvoyNFConntrack,6,envoy_upgrade_cp.go
msp,(*EnvoyInstance).startEnvoyCfg,6,envoy_deploy.go
msp,(*EnvoyInstance).getBootstrapConfig,6,envoy_deploy.go
msp,ecrHttpsProxyEnv,6,ecr_proxy.go
msp,ecrHttpProxyEnv,6,ecr_proxy.go
msp,(*MspDeploymentTaskHandler).Run,6,deployment_task.go
msp,(*DeploymentProfile).getAllNodes,6,deployment_profile.go
msp,addInterNodeRoutesToNode,6,deployment_profile.go
msp,createNodePoolSpec,6,create_nodepool_task.go
msp,ConvertToVmdk,6,convert_image.go
msp,AddAPIServerLookup,6,common_msp.go
msp,updateMspDnsIPinDnsConfig,6,common_msp.go
msp,GetMspContextByClusterId,6,common_msp.go
msp,(*MspController).deployCMSP,6,cmsp_deployment.go
msp,(*MspController).stageDeployLBController,6,cmsp_deployment.go
msp,removeCMSPNicsFromNode,6,cmsp_delete.go
msp,getLocationNosRef,6,cmsp_config.go
msp,(*MspConfig).populateIpams,6,cmsp_config.go
msp,createMspEntity,6,cluster_deployment_parent_task.go
msp,expandIPAM,6,cluster_convert_ha_task.go
msp,(*MspController).DeployAndVerifyCloudProvider,6,cloudprovider.go
msp,CertRotator,6,certificate_rotation_parent_task.go
msp,deleteAndVerify,6,base_services.go
msp,svcUpgradeRequired,6,base_services.go
msp,getDeploymentInfo,6,base_services.go
msp,(*MspController).copyUpgradeImagesToRegistry,5,upgrade_cmsp_registry.go
msp,AnyTaskRunning,5,task_utils.go
msp,IsQueued,5,task_utils.go
msp,(*ServiceMsp).UnregisterExternalService,5,service_msp.go
msp,(*ServiceMsp).AddForwardingDomainOnNonDNSNodes,5,service_msp.go
msp,(*ServiceMsp).getNonDNSHostingNodes,5,service_msp.go
msp,(*ServiceMsp).RegisterExternalService,5,service_msp.go
msp,rotateMSPEntityCert,5,rotate_msp_entity_certs.go
msp,updateLBPfSecret,5,replace_lb_certs.go
msp,updateCpConfig,5,replace_cloud_provider_certs.go
msp,externalRepoDownloadCheck,5,registry_check.go
msp,externalDownloadCheck,5,registry_check.go
msp,(*RecoverFromSavedMetadataTaskHandler).Run,5,recover_from_saved_metadata_parent_task.go
msp,CheckAndReconcileServiceCerts,5,reconcile_service_cert.go
msp,(*PrimaryMsp).UnregisterExternalService,5,primary_msp.go
msp,(*PrimaryMsp).RegisterExternalService,5,primary_msp.go
msp,isComponentUpgradable,5,platform_upgrade_utils.go
msp,getUpgradeRepo,5,platform_upgrade_utils.go
msp,OverlayStorageCtrNodePool,5,pe_storage_container.go
msp,(*MspConfig).LayoutValuesDefault,5,parse_msp_specs.go
msp,(*MspConfig).LayoutPersistentConfig,5,parse_msp_specs.go
msp,(*MspConfig).LayoutApplications,5,parse_msp_specs.go
msp,(*MspConfig).LayoutMspDnsIP,5,parse_msp_specs.go
msp,(*MspConfig).LayoutMspDnsIPV2,5,parse_msp_specs.go
msp,(*MspConfig).LayoutMasterVipIPV2,5,parse_msp_specs.go
msp,(*MspConfig).LayoutMasterExternalIP,5,parse_msp_specs.go
msp,DeleteServiceCfgs,5,msp_service.go
msp,(*Msp).CreateRepoEntry,5,msp_repo.go
msp,(*Msp).GetDefaultRepo,5,msp_repo.go
msp,(*MspController).updateRegistryDepScript,5,msp_registry.go
msp,ProcessRegistryFlags,5,msp_registry.go
msp,clusterRefNodeListMap,5,msp_policy.go
msp,UpdatePlatformImage,5,msp_package_state.go
msp,CreateOrUpdateNodePoolStatus,5,msp_nodepool_utils.go
msp,(*MspController).isCMSPVipANodeIp,5,msp_master.go
msp,CreateImage,5,msp_image_download.go
msp,getImageNameAndKey,5,msp_image_download.go
msp,(*MspImageConfig).populateImageConfig,5,msp_image_config.go
msp,(*MspHostUpgradeProgressMonitor).UpdateHostUpgradeProgress,5,msp_host_upgrade.go
msp,(*Msp).CheckMspClusterHealthWithRetry,5,msp_health.go
msp,(*MspEntity).RetryReconcileNodePools,5,msp_entity.go
msp,(*MspEntity).GetMasterNodeLocation,5,msp_entity.go
msp,(*MspEntity).PushImageToRegistryWithRetry,5,msp_entity.go
msp,(*MspController).RegisterAPIServerDNS,5,msp_dns.go
msp,(*MspController).fixupControllerContainer,5,msp_dns.go
msp,(*MspController).getPrimaryMspDomain,5,msp_dns.go
msp,(*mspControllerHelper).registerNode,5,msp_dns.go
msp,(*MspController).updateDnsMasq,5,msp_dns.go
msp,(*MspController).configureControllerHostResolv,5,msp_dns.go
msp,(*MspController).openFirewallForDns,5,msp_dns.go
msp,updateCMSPNodeIPsInIDF,5,msp_dns.go
msp,getNicFromNode,5,msp_dns.go
msp,(*MspController).SetupWorkloadIdenityWebhook,5,msp_controller.go
msp,(*MspController).upgradeImageMap,5,msp_controller.go
msp,(*MspController).deployServiceMonitorForEnvoy,5,msp_controller.go
msp,(*MspController).StopWatchers,5,msp_controller.go
msp,(*MspController).deployCoredns,5,msp_controller.go
msp,(*MspController).deployContainerNetworking,5,msp_controller.go
msp,(*MspController).prepopulateRegistry,5,msp_controller.go
msp,downloadQcowImages,5,msp_config.go
msp,(*Msp).CheckSMSPBeingDeployed,5,msp_api_utils.go
msp,(*Msp).GetMspByClusterName,5,msp_api_utils.go
msp,(*Msp).GetMspKubeConfig,5,msp_api_utils.go
msp,(*Msp).GetMspClusterList,5,msp_api_utils.go
msp,(*Msp).GetClusterListObj,5,msp_api_utils.go
msp,convertStatusToString,5,msp_api_utils.go
msp,(*Msp).SetupFirewall,5,msp.go
msp,(*Msp).WasPmspBeforeMigration,5,msp.go
msp,(*Msp).GetMspUUIDFromName,5,msp.go
msp,(*Msp).GetMspContextByK8sUUID,5,msp.go
msp,(*Msp).GetMspContextByName,5,msp.go
msp,(*Msp).GetMspContext,5,msp.go
msp,(*Msp).deploySmsp,5,msp.go
msp,(*Msp).UpgradeBaseServices,5,msp.go
msp,(*Msp).initSmsp,5,msp.go
msp,(*Msp).bootstrapAuthClientCert,5,msp.go
msp,(*Msp).maybeUpdateHostingPlatformConfig,5,msp.go
msp,VerifyLBController,5,lbctl.go
msp,(*MspLbController).deployLBControllerServices,5,lbctl.go
msp,(*MspLbController).getCloudProviderLBConfiguration,5,lb_controller.go
msp,(*MspLbController).createEnvoy,5,lb_controller.go
msp,(*MspLbController).DeployEnvoyProxyLB,5,lb_controller.go
msp,GetIPAMStatusbyNameOrUUID,5,ipam.go
msp,GetIPAMbyNameOrUUID,5,ipam.go
msp,(*Envoy).Cleanup,5,envoy_deploy.go
msp,(*EnvoyInstance).Deploy,5,envoy_deploy.go
msp,(*Msp).CleanupProxyForEcr,5,ecr_proxy.go
msp,CmspHostFirewallCfg,5,deployment_profile.go
msp,getNodesInInitState,5,deployment_profile.go
msp,GetLoadBalancerWithFrontend,5,dc_lb.go
msp,(*DcLoadBalancer).setupFirewall,5,dc_lb.go
msp,(*Msp).DeleteLoadBalancer,5,dc_lb.go
msp,(*Msp).GetLoadBalancersIPsForContext,5,dc_lb.go
msp,createNodePool,5,create_nodepool_task.go
msp,(*MspController).stageEnableRegistry,5,cmsp_deployment.go
msp,(*MspController).stageDeployCtrNetworking,5,cmsp_deployment.go
msp,(*MspController).stageDeployCloudProvider,5,cmsp_deployment.go
msp,(*MspController).stageDeployMspDNS,5,cmsp_deployment.go
msp,(*MspController).stageDeployServiceRegistry,5,cmsp_deployment.go
msp,(*MspController).stageFixupDnsEntries,5,cmsp_deployment.go
msp,getBootNode,5,cmsp_deployment.go
msp,cleanupFirewallRuleOnNode,5,cmsp_delete.go
msp,(*MspConfig).GetCmspNetworkIDIPAM,5,cmsp_config.go
msp,(*MspConfig).MaybeFixCmspNetworkLocation,5,cmsp_config.go
msp,(*CMSPConfig).populateCMSPNodeIPs,5,cmsp.go
msp,(*ClusterVersionSpec).CreateVersionSpec,5,cluster_version_spec.go
msp,(*ClusterDestroyTaskHandler).Run,5,cluster_destroy_task.go
msp,cleanupMspEntity,5,cluster_deployment_parent_task.go
msp,(*ClusterDeployTaskHandler).Run,5,cluster_deployment_parent_task.go
msp,(*ClusterDeployTaskHandler).runDeployCMSP,5,cluster_deployment_parent_task.go
msp,updateUnmanagedNodePool,5,cluster_convert_ha_task.go
msp,(*MspController).deployCCMKubeconfig_,5,cloudprovider.go
msp,(*MspController).deployCCMKubeconfig,5,cloudprovider.go
msp,(*BaseServicesDeleteHandler).Run,5,base_services_task.go
msp,(*BaseServicesAddHandler).Run,5,base_services_task.go
msp,markBaseSvcUninstalled,5,base_services.go
msp,markBaseSvcInstalled,5,base_services.go
msp,installAndVerifyBaseServices,5,base_services.go
msp,(*MspController).checkUpgradeRegistryQcow2Present,4,upgrade_cmsp_registry.go
msp,createPEStorageClient,4,storage_client.go
msp,(*SRUpgradeCallback).OperationCallback,4,sr_upgrade_cb.go
msp,getKubeletFile,4,service_msp.go
msp,(*ServiceMsp).AddForwardingDomain,4,service_msp.go
msp,(*ServiceMsp).GetISCSIIQNName,4,service_msp.go
msp,(*ServiceMsp).GetCertChain,4,service_msp.go
msp,(*ServiceMsp).GetSubdomainSearchString,4,service_msp.go
msp,(*RotateAddonsCertificatesTaskHandler).Run,4,rotate_addons_certs.go
msp,getHostsFromCertificate,4,replace_service_certs.go
msp,updateLBConfigMap,4,replace_lb_certs.go
msp,(*Msp).IsUnfilteredCAPemAndIDFSame,4,reconcile_service_cert.go
msp,(*PrimaryMsp).getIngressConfig,4,primary_msp.go
msp,(*PrimaryMsp).ProviderID,4,primary_msp.go
msp,(*PrimaryMsp).IsUsingPrivateNetwork,4,primary_msp.go
msp,(*PrimaryMsp).ReadISCSIIQN,4,primary_msp.go
msp,(*PlatformUpgradeConfig).setNetworkingCfg,4,platform_upgrade_utils.go
msp,(*PlatformUpgradeConfig).setK8sConfig,4,platform_upgrade_utils.go
msp,(*PlatformUpgradeTaskHandler).Run,4,platform_upgrade_task.go
msp,(*MspConfig).LayoutLoadBalancersV2Config,4,parse_msp_specs.go
msp,(*MspConfig).LayoutLoadBalancerConfig,4,parse_msp_specs.go
msp,GetIpamFromNetCfgs,4,parse_msp_specs.go
msp,parseSpecs,4,parse_msp_specs.go
msp,parseTpl,4,parse_msp_specs.go
msp,renderTpl,4,parse_msp_specs.go
msp,GetDefaultPlatformImageMeta,4,package_upload.go
msp,getNodesDiff,4,nodepool.go
msp,(*NodeWatcher).restartKubelet,4,node_reconciler.go
msp,nodeReady,4,node_reconciler.go
msp,EverUpgradedToPC241,4,node_config_update.go
msp,fixNodeConfig,4,node_config_update.go
msp,(*MspMutatorService).prepareForMutatorDeployment,4,mutator.go
msp,(*MspMutatorService).validateParams,4,mutator.go
msp,readServiceCfgFromIDF,4,msp_service.go
msp,ScrubK8sEntities,4,msp_scrub.go
msp,(*Msp).DeleteRepoEntry,4,msp_repo.go
msp,(*MspConfig).modifyStorageConfigIPsToFQDNs,4,msp_registry.go
msp,(*MspController).DeployNodePolicy,4,msp_policy.go
msp,getNodeGroups,4,msp_policy.go
msp,cmspPersistentLogging,4,msp_persistent_logging.go
msp,GetPlatformPackage,4,msp_package_state.go
msp,CheckPlatformPackage,4,msp_package_state.go
msp,GetPlatformPackageStatus,4,msp_package_state.go
msp,(*MspController).isCMSPVipMarkedInUse,4,msp_master.go
msp,getImageConfig,4,msp_image_config.go
msp,getK8sNodeCount,4,msp_host_upgrade.go
msp,fixupNodeRestartForFlannel,4,msp_flannel.go
msp,MarkEtcdNodes,4,msp_etcd.go
msp,UpgradeToolsHelper,4,msp_entity_helper.go
msp,removeLbReference,4,msp_entity_helper.go
msp,addContextToNode,4,msp_entity_helper.go
msp,providerMapToString,4,msp_entity_helper.go
msp,(*MspEntity).UnregisterService,4,msp_entity.go
msp,(*MspEntity).RegisterService,4,msp_entity.go
msp,(*MspEntity).GetMasterNodeDatastore,4,msp_entity.go
msp,(*MspEntity).IsBadState,4,msp_entity.go
msp,(*MspController).updateRegistryDNSEntry,4,msp_dns.go
msp,(*mspControllerHelper).addSearchDomains,4,msp_dns.go
msp,(*MspConfig).ValidateMspConfig,4,msp_deploy_prechecks.go
msp,getNetworkFromSpec,4,msp_deploy_prechecks.go
msp,(*MspController).verifyMspControllerService,4,msp_controller_service.go
msp,(*MspController).getAzureParams,4,msp_controller.go
msp,(*MspController).setK8sAuthentication,4,msp_controller.go
msp,(*MspController).deleteRemainingVGs,4,msp_controller.go
msp,(*MspController).MasterPlatformClient,4,msp_controller.go
msp,deallocateStaticIPs,4,msp_controller.go
msp,mkEtcdEndpoints,4,msp_controller.go
msp,(*MspController).getK8sStoragePluginKeyPair,4,msp_controller.go
msp,(*MspController).setKubeDNSConfig,4,msp_controller.go
msp,getSSHConfigureFsEntries,4,msp_controller.go
msp,(*MspController).deployLBController,4,msp_controller.go
msp,(*MspController).pushCPConfig,4,msp_controller.go
msp,(*MspConfig).fillk8sConfigNodePools,4,msp_config.go
msp,(*MspConfig).PersistentLogHostMountPath,4,msp_config.go
msp,(*MspConfig).AddRegistryQcowEntry,4,msp_config.go
msp,(*MspConfig).mergeMonitoringConfigs,4,msp_config.go
msp,(*MspConfig).GetDefaultAHVPlatformConfig,4,msp_config.go
msp,GenerateServiceCertAndSecret,4,msp_certs.go
msp,GenerateCerts,4,msp_certs.go
msp,readAppEntityFromIDF,4,msp_app.go
msp,(*Msp).GetWorkerVMSSHConfig,4,msp_api_utils.go
msp,(*Msp).GetPrimaryMasterIp,4,msp_api_utils.go
msp,(*Msp).GetPendingSmspEntities,4,msp_api_utils.go
msp,(*Msp).ClearClusterImageMapKeys,4,msp.go
msp,(*Msp).PlatformClient,4,msp.go
msp,createSSHRootCA,4,msp.go
msp,(*Msp).deleteServiceMsp,4,msp.go
msp,(*Msp).RepoVersionChanged,4,msp.go
msp,(*Msp).CheckAndFixMspIdf,4,msp.go
msp,(*Msp).IsPendingSmspPresent,4,msp.go
msp,(*Msp).lookupPrimaryMsp,4,msp.go
msp,(*Msp).GenerateKeyPair,4,msp.go
msp,SetDockerSvcName,4,msp.go
msp,(*MDUpgradeCallback).OperationCallback,4,md_upgrade_cb.go
msp,(*MspLbController).updateLBController,4,lbctl.go
msp,(*MspLbController).deployLBController,4,lbctl.go
msp,(*MspLbController).createEnvoyInstanceAsVmOrAsContainer,4,lb_controller.go
msp,CreateIPAMs,4,ipam.go
msp,modifyPFWithPCfqdn,4,ip_reconfig.go
msp,logoutISCSIDisks,4,ip_reconfig.go
msp,(*MspEntity).CanReconfigureIP,4,ip_reconfig.go
msp,PEZkCallback,4,ip_reconfig.go
msp,(*HostUpgradeTaskHandler).Run,4,host_upgrade_task.go
msp,(*EnvoyUpgradeCallback).PostReqCallback,4,envoy_upgrade_cp.go
msp,(*EnvoyVmCb).PreCreateNodeCallback,4,envoy_deploy.go
msp,fixupLBFrontEnds,4,envoy_deploy.go
msp,PopulateNTPServers,4,envoy_deploy.go
msp,setupEnvoyFirewall,4,envoy_deploy.go
msp,ConfigureNodeFirewallForDeployment,4,deployment_profile.go
msp,CheckUnmanagedIpInNodeTags,4,deployment_profile.go
msp,(*DeploymentProfile).processUnmanagedNodes,4,deployment_profile.go
msp,getNodesWithFlagSet,4,deployment_profile.go
msp,(*DcLoadBalancer).removeLbInstance,4,dc_lb.go
msp,(*Msp).GetLoadBalancerCfg,4,dc_lb.go
msp,(*Msp).GetAllLoadBalancers,4,dc_lb.go
msp,(*CreateNodePoolTaskHandler).initWAL,4,create_nodepool_task.go
msp,UpgradeMspctlCompletion,4,common_msp.go
msp,GetMasterIPs,4,common_msp.go
msp,(*MspController).stageDeployAddons,4,cmsp_deployment.go
msp,(*MspController).stageDeployWebhookMutator,4,cmsp_deployment.go
msp,cleanupFilesOnNode,4,cmsp_delete.go
msp,(*MspConfig).ParseCMSPConfig,4,cmsp_config.go
msp,(*PreupgradeChecksTaskHandler).Run,4,cluster_upgrade_task.go
msp,(*Msp).checkSMSPDeployment,4,cluster_upgrade_prechecks.go
msp,isTaskPending,4,cluster_deployment_parent_task.go
msp,(*ClusterDeployTaskHandler).cancelPendingTasks,4,cluster_deployment_parent_task.go
msp,VerifyCloudController,4,cloudprovider.go
msp,deployCAPIOperators,4,base_services_task.go
msp,deployMonitoringRBAC,4,base_services.go
msp,deleteYAML,4,base_services.go
msp,getSubServices,4,base_services.go
msp,getBaseServices,4,base_services.go
msp,(*MspController).IsBaseServiceValid,4,base_services.go
msp,(*VersionStatus).MarshalStrAttr,3,version_status.go
msp,(*MspController).listImagesWithTagsWrapper,3,upgrade_cmsp_registry.go
msp,(*MspController).cloneRegistryWithNewVolume,3,upgrade_cmsp_registry.go
msp,(*MspController).loadRegistryVolumeFromFile,3,upgrade_cmsp_registry.go
msp,copyKubeletFileAndRestartKubelet,3,service_msp.go
msp,(*ServiceMsp).CreateK8sMspConfigMap,3,service_msp.go
msp,(*ServiceMsp).GetLBSSHClientConfig,3,service_msp.go
msp,(*ServiceMsp).GetSSHClientConfig,3,service_msp.go
msp,(*ServiceMsp).UpdateK8sRegistry,3,service_msp.go
msp,processUpdateEntity,3,recover_idf_from_metadata.go
msp,readEntityList,3,recover_idf_from_metadata.go
msp,TriggerReconcileServiceCertTask,3,reconcile_service_cert.go
msp,pcZkCallbackMspControllerNodeUpdate,3,proxy_config.go
msp,ValidateAndApplyDockerConfig,3,proxy_config.go
msp,(*PrimaryMsp).SetupSaltOnNode,3,primary_msp.go
msp,(*PrimaryMsp).GetFirewallConfig,3,primary_msp.go
msp,(*PrimaryMsp).GetExternalDnsIP,3,primary_msp.go
msp,(*PrimaryMsp).DeployLoadBalancer,3,primary_msp.go
msp,(*PrimaryMsp).CreateK8sMspConfigMap,3,primary_msp.go
msp,(*PrimaryMsp).ClusterISCSIIqnName,3,primary_msp.go
msp,(*PrimaryMsp).GetLBSSHClientConfig,3,primary_msp.go
msp,(*PrimaryMsp).GetSSHClientConfig,3,primary_msp.go
msp,(*PrimaryMsp).GetManagedSSHClientConfig,3,primary_msp.go
msp,(*PrimaryMsp).UpdateK8sRegistry,3,primary_msp.go
msp,replaceUpgradeImageAddress,3,platform_upgrade_utils.go
msp,(*PlatformUpgradeConfig).setFlanneldCfg,3,platform_upgrade_utils.go
msp,(*PlatformUpgradeConfig).setDNSCfg,3,platform_upgrade_utils.go
msp,(*PlatformPackageTaskHandler).Run,3,platform_upgrade_task.go
msp,(*MspController).GetAllPlatformComponents,3,platform_upgrade.go
msp,setupSysStatsCollector,3,persistent_logging_tools.go
msp,(*mspControllerHelper).upgradeToolsUsingPlog,3,persistent_logging_tools.go
msp,(*mspControllerHelper).deleteStorageCtrPE,3,pe_storage_container.go
msp,(*mspControllerHelper).createStorageCtrPE,3,pe_storage_container.go
msp,(*MspController).removeIPRulesFromMasterNodes,3,pbr_delete.go
msp,(*MspConfig).ParsePlatformClientSpec,3,parse_msp_specs.go
msp,parseJsonOrYaml,3,parse_msp_specs.go
msp,(*Msp).GetDefaultHostImageMeta,3,package_upload.go
msp,(*Msp).AddOperator,3,operators.go
msp,disableKubeletHTTP2Transport,3,node_config_update.go
msp,fixResolveConfig,3,node_config_update.go
msp,(*MutatorUpgradeCallback).OperationCallback,3,mutator_upgrade_cb.go
msp,(*MspMutatorService).verifyMspMutatorService,3,mutator.go
msp,(*MspMutatorService).DeployLbUpgradeMutatingWebhookConfiguration,3,mutator.go
msp,(*MspMutatorService).DeployVolumeMutatingWebhookConfiguration,3,mutator.go
msp,(*MspController).ResetSASecrets,3,msp_service_acct.go
msp,CreateServiceEntry,3,msp_service.go
msp,(*Msp).GetDefaultRepoReleaseEnv,3,msp_repo.go
msp,(*Msp).GetRepoEntry,3,msp_repo.go
msp,copyRepoCfg,3,msp_repo.go
msp,(*MspController).configureToAccessDockerRegistry,3,msp_registry.go
msp,(*MspController).enableLocalDockerForRegistry,3,msp_registry.go
msp,(*MspController).vgClearAttachments,3,msp_registry.go
msp,getPlatformClientFromNode,3,msp_policy.go
msp,createPolicies,3,msp_policy.go
msp,addPolicyLabelsToK8sNodes,3,msp_policy.go
msp,GetMspPkgRepoVersion,3,msp_pkg_repo.go
msp,UpdatePlatformPackage,3,msp_package_state.go
msp,GetNodePoolStatusByUUID,3,msp_nodepool_utils.go
msp,(*MspController).ValidateApiServerKeepAlivedConfig,3,msp_k8s_callback.go
msp,(*Msp).RemovePendingImage,3,msp_image_download.go
msp,(*Msp).GetPendingImage,3,msp_image_download.go
msp,(*MspImageConfig).populateImageConfigFromSpec,3,msp_image_config.go
msp,getImageConfigInfo,3,msp_image_config.go
msp,cleanupOldKubeletRootDir,3,msp_host_upgrade.go
msp,(*HostUpgradeMspCb).PreUpgradeRebootNodeCallback,3,msp_host_upgrade.go
msp,GetHostImageByVersion,3,msp_host_upgrade.go
msp,getLbNodePoolIds,3,msp_host_upgrade.go
msp,(*MspController).BrownfieldFixes,3,msp_host_upgrade.go
msp,updateMessage,3,msp_health.go
msp,(*MspController).configureEtcdEndpointsOnNode,3,msp_etcd.go
msp,(*MspController).configureEtcdEndpointsForLookup,3,msp_etcd.go
msp,fixupDefaultInterfaceOnManagedNode,3,msp_entity_helper.go
msp,getNetworkFromNodeSpec,3,msp_entity_helper.go
msp,(*MspEntity).GetService,3,msp_entity.go
msp,(*MspEntity).isServiceRegistryLeaderElect,3,msp_entity.go
msp,(*MspEntity).getMasterNodeSpec,3,msp_entity.go
msp,(*MspEntity).SetPlatformServiceVersion,3,msp_entity.go
msp,(*MspController).UpdatePcDnsSetting,3,msp_dns.go
msp,(*MspController).fixupNodeRestart,3,msp_dns.go
msp,(*mspControllerHelper).deployDnsMasq,3,msp_dns.go
msp,(*MspController).configurePrimaryMasterDns,3,msp_dns.go
msp,(*Msp).RemovePendingDeployment,3,msp_deployment_state.go
msp,(*Msp).IncrementRetryCount,3,msp_deployment_state.go
msp,(*Msp).GetPendingDeployment,3,msp_deployment_state.go
msp,(*MspController).updateDbStatus,3,msp_deployment.go
msp,SetCtxWithClusterName,3,msp_deployment.go
msp,createRootCA,3,msp_deployment.go
msp,checkCVMConnectivityCount,3,msp_deploy_prechecks.go
msp,(*MspConfig).ValidateDeployment,3,msp_deploy_prechecks.go
msp,ValidateStorageClassParams,3,msp_deploy_prechecks.go
msp,(*MspController).deployAndVerifyMspControllerService,3,msp_controller_service.go
msp,(*MspController).CreateStorageClientMap,3,msp_controller.go
msp,FetchAndParsePrivateKey,3,msp_controller.go
msp,(*MspController).IsMSPOnAzurePlatform,3,msp_controller.go
msp,(*MspController).getTenantIDValues,3,msp_controller.go
msp,(*MspController).ParseServiceAccountIssuerForStorageName,3,msp_controller.go
msp,(*MspController).updateP8sRules,3,msp_controller.go
msp,(*MspController).deployPriorityClasses,3,msp_controller.go
msp,(*MspController).GetNodeWatcher,3,msp_controller.go
msp,(*MspController).deleteBootstrapMaster,3,msp_controller.go
msp,(*MspController).getCSISecretConfig,3,msp_controller.go
msp,(*MspController).getVolSecretConfig,3,msp_controller.go
msp,(*MspController).getCertSecretData,3,msp_controller.go
msp,(*MspController).AddNodeK8sLabels,3,msp_controller.go
msp,getStubDomainList,3,msp_controller.go
msp,(*MspController).setCoreDNSConfig,3,msp_controller.go
msp,(*MspController).populateRegistry,3,msp_controller.go
msp,(*MspController).populateRegistryWrapper,3,msp_controller.go
msp,(*MspController).preDVPinstall,3,msp_controller.go
msp,(*MspController).dockerVolumeCreate,3,msp_controller.go
msp,(*MspController).addEntryToDns,3,msp_controller.go
msp,(*MspController).SetMspParams,3,msp_controller.go
msp,(*MspController).UpdateK8sMspConfigMap,3,msp_controller.go
msp,skipGoldImageDownload,3,msp_config.go
msp,(*MspConfig).OverlayCMSPConfig,3,msp_config.go
msp,(*MspConfig).GetPersistentLoggingConfig,3,msp_config.go
msp,(*MspConfig).getStorageConfigByName,3,msp_config.go
msp,(*MspConfig).ShouldPersistentVolumeAttach,3,msp_config.go
msp,(*MspConfig).GetEtcdSpec,3,msp_config.go
msp,(*MspConfig).IsMonitoringConfigured,3,msp_config.go
msp,(*MspConfig).GetkCMSPInterface,3,msp_config.go
msp,GetMspContextFromId,3,msp_api_utils.go
msp,(*Msp).GetRestClientConfig,3,msp_api_utils.go
msp,(*Msp).IsMigrationSuccessful,3,msp_api_utils.go
msp,(*Msp).GetK8sClusterAddonStatus,3,msp_api_utils.go
msp,(*Msp).GetK8sClusterTaskStatus,3,msp_api_utils.go
msp,(*Msp).GetK8sClusterWorkerStatus,3,msp_api_utils.go
msp,(*Msp).GetK8sClusterConfigStatus,3,msp_api_utils.go
msp,(*Msp).GetK8sClusterStatus,3,msp_api_utils.go
msp,(*Msp).GetSmspCount,3,msp.go
msp,(*Msp).CmspDeployed,3,msp.go
msp,(*Msp).ProxyConfig,3,msp.go
msp,(*Msp).ResetMsp,3,msp.go
msp,(*Msp).GetK8sCluster,3,msp.go
msp,(*Msp).UpdateUpgradeStatus,3,msp.go
msp,(*Msp).deployCMsp,3,msp.go
msp,(*Msp).CreateSmspLinkingTask,3,msp.go
msp,getCidrFromConfig,3,msp.go
msp,(*Msp).loadHostingPlatformConfig,3,msp.go
msp,(*Msp).initHostingPlatform,3,msp.go
msp,(*MspLbController).addRBACForLBController,3,lbctl.go
msp,(*LBCUpgradeCallback).PostReqCallback,3,lb_upgrade_cb.go
msp,(*LBCUpgradeCallback).OperationCallback,3,lb_upgrade_cb.go
msp,(*MspLbController).GetLoadBalancerIDForFrontend,3,lb_controller.go
msp,(*MspLbController).getLb,3,lb_controller.go
msp,(*MspLbController).cacheLb,3,lb_controller.go
msp,getNodeInstanceConfig,3,lb_controller.go
msp,getServiceDisk,3,ip_reconfig.go
msp,(*MspEntity).configureFqdn,3,ip_reconfig.go
msp,(*HostPackageTaskHandler).Run,3,host_upgrade_task.go
msp,MakeUpstreamTLSContext,3,envoy_utils.go
msp,(*EnvoyUpgradeCallback).PreReqCallback,3,envoy_upgrade_cp.go
msp,(*Envoy).GetCloudProviderConfig,3,envoy_deploy.go
msp,(*EnvoyInstance).makeEnvoyDirs,3,envoy_deploy.go
msp,modifyEnvoyAdminAccess,3,envoy_deploy.go
msp,(*MspDeploymentRollbackHandler).Rollback,3,deployment_task.go
msp,GetUnmanagedIpsTaggedOnNode,3,deployment_profile.go
msp,AddUnmanagedIPsToNodeTags,3,deployment_profile.go
msp,(*DeploymentProfile).setupCMSP,3,deployment_profile.go
msp,isFlagSetOnNode,3,deployment_profile.go
msp,GetLoadBalancersConfigsForContext,3,dc_lb.go
msp,(*DcLoadBalancer).GetDcLbInstanceNodePools,3,dc_lb.go
msp,(*DcLoadBalancer).setDcLbInstanceConfig,3,dc_lb.go
msp,(*Msp).GetLoadBalancersForContext,3,dc_lb.go
msp,(*CPUpgradeCallback).OperationCallback,3,cp_upgrade_cb.go
msp,(*Config).GetNodePackage,3,config.go
msp,CheckClusterOpsAllowed,3,common_msp.go
msp,MaybeUpgradeCmspRegistryImagesWrapper,3,cmsp_utils.go
msp,fixupNodeEth0,3,cmsp_delete.go
msp,resetPCRessolver,3,cmsp_delete.go
msp,(*MspConfig).generateCMSPLbSpec,3,cmsp_config.go
msp,(*MspConfig).FixupResourceSpec,3,cmsp_config.go
msp,(*CMSPConfig).GetIPForNode,3,cmsp.go
msp,(*Msp).checkSMSPUpgrade,3,cluster_upgrade_prechecks.go
msp,(*MspController).getCloudProviderKeyPair,3,cloudprovider.go
msp,(*MspController).createCloudProviderAuthSecret,3,cloudprovider.go
msp,isBaseSvcInstalled,3,base_services.go
msp,applyYaml,3,base_services.go
msp,preSubServiceUpgrade,3,base_services.go
msp,verifySubService,3,base_services.go
msp,deployYaml,3,base_services.go
msp,applyImmutableYAMLs,3,applyyaml.go
msp,yamlTplToYAML,3,applyyaml.go
msp,applyYAMLs,3,applyyaml.go
msp,(*AirGap).PopulateProxy,3,airgap.go
msp,(*AddNodeTaskHandler).Run,3,add_node_task.go
msp,(*VersionStatus).GetPlatformVersion,2,version_status.go
msp,(*VersionStatus).GetHostVersion,2,version_status.go
msp,(*VersionStatus).GetClusterVersion,2,version_status.go
msp,(*VersionStatus).UnmarshalStrAttr,2,version_status.go
msp,(*History).UnmarshalStrAttr,2,version_status.go
msp,(*History).MarshalStrAttr,2,version_status.go
msp,(*MspController).cleanupUpgradeRegistry,2,upgrade_cmsp_registry.go
msp,(*MspController).createTemporaryDockerVolume,2,upgrade_cmsp_registry.go
msp,getPEStorageClient,2,storage_client.go
msp,(*SRUpgradeCallback).GetVersion,2,sr_upgrade_cb.go
msp,(*ServiceMsp).SetupSaltOnNode,2,service_msp.go
msp,(*ServiceMsp).ProviderID,2,service_msp.go
msp,(*ServiceMsp).GetLoadBalancer,2,service_msp.go
msp,(*ServiceMsp).GetDnsNetwork,2,service_msp.go
msp,(*ServiceMsp).UpgradeToolsNode,2,service_msp.go
msp,(*ServiceMsp).UpgradeTools,2,service_msp.go
msp,(*ServiceMsp).ReadISCSIIQN,2,service_msp.go
msp,(*ServiceMsp).ClusterISCSIIqnName,2,service_msp.go
msp,(*ServiceMsp).CleanupDnsOnDelete,2,service_msp.go
msp,(*ServiceMsp).MkSSHConfiguration,2,service_msp.go
msp,(*ServiceMsp).IsPBREnabled,2,service_msp.go
msp,(*ScrubCertificatesAfterRecoveryTaskHandler).updateWAL,2,scrub_certificates_after_recovery_parent_task.go
msp,(*RotateRegistryCertTaskHandler).parseArgs,2,rotate_registry_certs_task.go
msp,(*RotateMsrCertificatesTaskHandler).parseArgs,2,rotate_msr_certs_task.go
msp,(*RotateMspEntityCertTaskHandler).parseArgs,2,rotate_msp_entity_certs.go
msp,(*RotateK8sApiServerCertificatesTaskHandler).parseArgs,2,rotate_k8s_api_server_certs_task.go
msp,(*RotateEtcdCertificatesTaskHandler).parseArgs,2,rotate_etcd_certs_task.go
msp,(*RotateCorednsCertificatesTaskHandler).parseArgs,2,rotate_coredns_certs_task.go
msp,(*RotateAddonsCertificatesTaskHandler).parseArgs,2,rotate_addons_certs.go
msp,(*ReplaceSvcCertificatesTaskHandler).Run,2,replace_service_certs_task.go
msp,(*ReplaceSvcCertificatesTaskHandler).parseArgs,2,replace_service_certs_task.go
msp,getSvcNameFromCertificate,2,replace_service_certs.go
msp,(*ReplaceLBCertificatesTaskHandler).Run,2,replace_lb_certs_task.go
msp,(*ReplaceLBCertificatesTaskHandler).parseArgs,2,replace_lb_certs_task.go
msp,(*ReplaceDVPCertificatesTaskHandler).Run,2,replace_dvp_certificates_task.go
msp,(*ReplaceDVPCertificatesTaskHandler).parseArgs,2,replace_dvp_certificates_task.go
msp,(*ReplaceCSICertificatesTaskHandler).Run,2,replace_csi_certificates_task.go
msp,(*ReplaceCSICertificatesTaskHandler).parseArgs,2,replace_csi_certificates_task.go
msp,(*ReplaceCPCertificatesTaskHandler).Run,2,replace_cloud_provider_certs_task.go
msp,(*ReplaceCPCertificatesTaskHandler).parseArgs,2,replace_cloud_provider_certs_task.go
msp,(*RecoverIDFFromMetadataTaskHandler).Run,2,recover_idf_from_metadata_task.go
msp,(*RecoverFromSavedMetadataTaskHandler).updateWAL,2,recover_from_saved_metadata_parent_task.go
msp,(*ReconcileCertTaskHandler).UpdateWal,2,reconcile_service_cert_task.go
msp,(*ReconcileCertTaskHandler).isWalEmpty,2,reconcile_service_cert_task.go
msp,SetupZKCAChainWatch,2,reconcile_service_cert.go
msp,(*PrimaryMsp).LocalAddress,2,primary_msp.go
msp,(*PrimaryMsp).GetRegistryPort,2,primary_msp.go
msp,(*PrimaryMsp).IsExternalRegistry,2,primary_msp.go
msp,(*PrimaryMsp).GetLoadBalancer,2,primary_msp.go
msp,(*PrimaryMsp).UpgradeToolsNode,2,primary_msp.go
msp,(*PrimaryMsp).UpgradeTools,2,primary_msp.go
msp,(*PrimaryMsp).MkSSHConfiguration,2,primary_msp.go
msp,(*PrimaryMsp).IsPBREnabled,2,primary_msp.go
msp,(*MspEntity).cacheNodePoolId,2,primary_msp.go
msp,(*PlatformUpgradeConfig).setEtcdCfg,2,platform_upgrade_utils.go
msp,(*PlatformUpgradeConfig).setEnvoyCfg,2,platform_upgrade_utils.go
msp,(*PlatformUpgradeConfig).setLBControllerCfg,2,platform_upgrade_utils.go
msp,(*PlatformUpgradeConfig).setMutatorCfg,2,platform_upgrade_utils.go
msp,(*PlatformUpgradeConfig).setCloudProviderCfg,2,platform_upgrade_utils.go
msp,(*PlatformUpgradeConfig).setServiceRegistryCfg,2,platform_upgrade_utils.go
msp,(*PlatformUpgradeConfig).setMSPDNSCfg,2,platform_upgrade_utils.go
msp,(*PlatformUpgradeConfig).setKubeProxyCfg,2,platform_upgrade_utils.go
msp,(*MspController).getUpgradeConfigFromPackage,2,platform_upgrade_utils.go
msp,configureCoreDump,2,persistent_logging_tools.go
msp,(*MspController).removeIPRules,2,pbr_delete.go
msp,(*MspConfig).LayoutSSHUser,2,parse_msp_specs.go
msp,(*MspConfig).LayoutXtrim,2,parse_msp_specs.go
msp,(*MspConfig).LayoutDomainName,2,parse_msp_specs.go
msp,(*MspConfig).LayoutClusterTypeParameters,2,parse_msp_specs.go
msp,(*MspConfig).LayoutDeploymentProfileParameters,2,parse_msp_specs.go
msp,createAhvNetwork,2,parse_msp_specs.go
msp,(*MspConfig).LayoutResourceConfig,2,parse_msp_specs.go
msp,convertIpAddrToIpnet,2,parse_msp_specs.go
msp,GetPlatformVersionFromUpgradeSpec,2,package_upload.go
msp,(*Msp).GetOperator,2,operators.go
msp,(*NodeWatcher).requiresRegistryDNSUpdate,2,node_reconciler.go
msp,(*NodeWatcher).checkNodeInCluster,2,node_reconciler.go
msp,fixEth0NetworkMTU,2,node_config_update.go
msp,(*MutatorUpgradeCallback).GetVersion,2,mutator_upgrade_cb.go
msp,(*MspMutatorService).addMutatorServiceCerts,2,mutator.go
msp,(*MspMutatorService).DeployMutator,2,mutator.go
msp,RemoveXtrim,2,msp_tools.go
msp,(*mspControllerHelper).upgradeMspTools,2,msp_tools.go
msp,(*MspController).setupApiAccessServiceAccount,2,msp_service_acct.go
msp,UpdateServiceEntry,2,msp_service.go
msp,GetAllK8sClusterConfigs,2,msp_scrub.go
msp,(*Msp).GetDecryptedDefaultRepo,2,msp_repo.go
msp,generateCanStartRegistry,2,msp_registry.go
msp,RegistryHealth,2,msp_registry.go
msp,(*MspRegistry).CheckAndSetReconcileState,2,msp_registry.go
msp,(*mspControllerHelper).enableSysRegistryAccessOnNode,2,msp_registry.go
msp,NodeListStr,2,msp_policy.go
msp,createAntiAffinityNodePolicy,2,msp_policy.go
msp,genPLogSetupScript,2,msp_persistent_logging.go
msp,UpdatePlatformPackageStatus,2,msp_package_state.go
msp,DeleteNodePoolStatus,2,msp_nodepool_utils.go
msp,readNoodePoolFromIDF,2,msp_nodepool_utils.go
msp,(*MspController).SetupAPIServerLookupForController,2,msp_master.go
msp,(*MspController).LocalAddress,2,msp_master.go
msp,(*MspController).GetMasterDns,2,msp_master.go
msp,(*PendingImage).UnmarshalStrAttr,2,msp_image_download.go
msp,(*PendingImage).MarshalStrAttr,2,msp_image_download.go
msp,fixupEntries,2,msp_image_config.go
msp,(*MspImageConfig).GetMspImage,2,msp_image_config.go
msp,(*MspImageConfig).GetAllImageNames,2,msp_image_config.go
msp,(*NodePoolUpdateStatus).InsightsRegistrationFields,2,msp_idf.go
msp,(*NodePoolUpdateStatus).ParseFromJson,2,msp_idf.go
msp,(*NodePoolUpdateStatus).FromInsightsEntity,2,msp_idf.go
msp,(*NodePoolUpdateStatus).EntityId,2,msp_idf.go
msp,(*NodePoolUpdateStatus).UnmarshalStrAttr,2,msp_idf.go
msp,(*NodePoolUpdateStatus).MarshalStrAttr,2,msp_idf.go
msp,(*DcLbInstance).UnmarshalStrAttr,2,msp_idf.go
msp,(*DcLbInstance).MarshalStrAttr,2,msp_idf.go
msp,(*DcLoadBalancer).InsightsRegistrationFields,2,msp_idf.go
msp,(*DcLoadBalancer).ParseFromJson,2,msp_idf.go
msp,(*DcLoadBalancer).FromInsightsEntity,2,msp_idf.go
msp,(*DcLoadBalancer).EntityId,2,msp_idf.go
msp,(*DcLoadBalancer).UnmarshalStrAttr,2,msp_idf.go
msp,(*DcLoadBalancer).MarshalStrAttr,2,msp_idf.go
msp,(*UpgradeStatus).UnmarshalStrAttr,2,msp_idf.go
msp,(*UpgradeStatus).MarshalStrAttr,2,msp_idf.go
msp,(*MspEntityStatus).InsightsRegistrationFields,2,msp_idf.go
msp,(*MspEntityStatus).ParseFromJson,2,msp_idf.go
msp,(*MspEntityStatus).FromInsightsEntity,2,msp_idf.go
msp,(*MspEntityStatus).EntityId,2,msp_idf.go
msp,(*MspEntityStatus).UnmarshalStrAttr,2,msp_idf.go
msp,(*MspEntityStatus).MarshalStrAttr,2,msp_idf.go
msp,(*DeploymentStatus).InsightsRegistrationFields,2,msp_idf.go
msp,(*DeploymentStatus).ParseFromJson,2,msp_idf.go
msp,(*DeploymentStatus).FromInsightsEntity,2,msp_idf.go
msp,(*DeploymentStatus).EntityId,2,msp_idf.go
msp,(*DeploymentStatus).UnmarshalStrAttr,2,msp_idf.go
msp,(*DeploymentStatus).MarshalStrAttr,2,msp_idf.go
msp,(*ServiceCfg).InsightsRegistrationFields,2,msp_idf.go
msp,(*ServiceCfg).ParseFromJson,2,msp_idf.go
msp,(*ServiceCfg).FromInsightsEntity,2,msp_idf.go
msp,(*ServiceCfg).EntityId,2,msp_idf.go
msp,(*ServiceCfg).UnmarshalStrAttr,2,msp_idf.go
msp,(*ServiceCfg).MarshalStrAttr,2,msp_idf.go
msp,(*AppCfg).InsightsRegistrationFields,2,msp_idf.go
msp,(*AppCfg).ParseFromJson,2,msp_idf.go
msp,(*AppCfg).FromInsightsEntity,2,msp_idf.go
msp,(*AppCfg).EntityId,2,msp_idf.go
msp,(*AppCfg).UnmarshalStrAttr,2,msp_idf.go
msp,(*AppCfg).MarshalStrAttr,2,msp_idf.go
msp,(*Config).InsightsRegistrationFields,2,msp_idf.go
msp,(*Config).ParseFromJson,2,msp_idf.go
msp,(*Config).FromInsightsEntity,2,msp_idf.go
msp,(*Config).EntityId,2,msp_idf.go
msp,(*Config).UnmarshalStrAttr,2,msp_idf.go
msp,(*Config).MarshalStrAttr,2,msp_idf.go
msp,(*MspEntity).InsightsRegistrationFields,2,msp_idf.go
msp,(*MspEntity).ParseFromJson,2,msp_idf.go
msp,(*MspEntity).FromInsightsEntity,2,msp_idf.go
msp,(*MspEntity).EntityId,2,msp_idf.go
msp,(*MspEntity).UnmarshalStrAttr,2,msp_idf.go
msp,(*MspEntity).MarshalStrAttr,2,msp_idf.go
msp,(*Msp).InsightsRegistrationFields,2,msp_idf.go
msp,(*Msp).ParseFromJson,2,msp_idf.go
msp,(*Msp).FromInsightsEntity,2,msp_idf.go
msp,(*Msp).EntityId,2,msp_idf.go
msp,(*Msp).UnmarshalStrAttr,2,msp_idf.go
msp,(*Msp).MarshalStrAttr,2,msp_idf.go
msp,(*RepoCfg).UnmarshalStrAttr,2,msp_idf.go
msp,(*RepoCfg).MarshalStrAttr,2,msp_idf.go
msp,(*LbRemoteEndpoint).UnmarshalStrAttr,2,msp_idf.go
msp,(*LbRemoteEndpoint).MarshalStrAttr,2,msp_idf.go
msp,(*LbUseRef).UnmarshalStrAttr,2,msp_idf.go
msp,(*LbUseRef).MarshalStrAttr,2,msp_idf.go
msp,(*DcConfig).UnmarshalStrAttr,2,msp_idf.go
msp,(*Opaque).UnmarshalStrAttr,2,msp_idf.go
msp,(*Opaque).MarshalStrAttr,2,msp_idf.go
msp,(*DcConfig).MarshalStrAttr,2,msp_idf.go
msp,(*DomainDns).UnmarshalStrAttr,2,msp_idf.go
msp,(*DeploymentProfile).UnmarshalStrAttr,2,msp_idf.go
msp,(*DeploymentProfile).MarshalStrAttr,2,msp_idf.go
msp,(*DomainDns).MarshalStrAttr,2,msp_idf.go
msp,(*MspCapabilities).UnmarshalStrAttr,2,msp_idf.go
msp,(*MspCapabilities).MarshalStrAttr,2,msp_idf.go
msp,(*NodePackage).UnmarshalStrAttr,2,msp_idf.go
msp,(*NodePackage).MarshalStrAttr,2,msp_idf.go
msp,(*BaseServiceInfo).UnmarshalStrAttr,2,msp_idf.go
msp,(*BaseServiceInfo).MarshalStrAttr,2,msp_idf.go
msp,(*PersistentLoggingCfg).UnmarshalStrAttr,2,msp_idf.go
msp,(*PersistentLoggingCfg).MarshalStrAttr,2,msp_idf.go
msp,(*MspHostUpgradeProgressMonitor).UpdateProgress,2,msp_host_upgrade.go
msp,(*MspController).getEtcdMountpath,2,msp_etcd.go
msp,setK8sClusterSshAuthConfig,2,msp_entity_helper.go
msp,UpdateTaskProgress,2,msp_entity_helper.go
msp,(*MspEntity).StoreClusterVersionStatus,2,msp_entity.go
msp,(*MspEntity).VMInitConfigPath,2,msp_entity.go
msp,(*MspEntity).MasterPlatformClient,2,msp_entity.go
msp,(*MspEntity).HostUpgradeMsp,2,msp_entity.go
msp,(*MspEntity).UpdateP8sRules,2,msp_entity.go
msp,(*MspEntity).UpgradeMsp,2,msp_entity.go
msp,(*MspEntity).SetupIscsiIQN,2,msp_entity.go
msp,(*MspEntity).SetCallbackContext,2,msp_entity.go
msp,(*MspEntity).readConfig,2,msp_entity.go
msp,(*MspEntity).SetCurrentPlatformServiceVersion,2,msp_entity.go
msp,(*MspEntity).GetPlatformServiceVersion,2,msp_entity.go
msp,(*MspEntity).GetCurrentPlatformServiceVersion,2,msp_entity.go
msp,(PlatformServiceMetadataMap).UnmarshalStrAttr,2,msp_entity.go
msp,(PlatformServiceMetadataMap).MarshalStrAttr,2,msp_entity.go
msp,(*MspController).cleanupFixupHostForRegistry,2,msp_dns.go
msp,(*MspController).cleanupBootstrappingDNSFromNode,2,msp_dns.go
msp,getEtcHostResolveComment,2,msp_dns.go
msp,(*PendingDeployment).UnmarshalStrAttr,2,msp_deployment_state.go
msp,(*PendingDeployment).MarshalStrAttr,2,msp_deployment_state.go
msp,(*MspController).populatePlatformServiceMetada,2,msp_deployment.go
msp,(*MspController).CheckErrorAndUpdateIdf,2,msp_deployment.go
msp,GetPlatformTypeFromName,2,msp_deploy_prechecks.go
msp,CheckClusterName,2,msp_deploy_prechecks.go
msp,(*MspController).saveMspControllerImage,2,msp_controller_service.go
msp,(*MspController).MayBeRefreshDnsMasqCache,2,msp_controller.go
msp,CreateOIDC,2,msp_controller.go
msp,keyIDFromPublicKey,2,msp_controller.go
msp,(*MspController).ApplyBaseServices,2,msp_controller.go
msp,(*MspController).triggerRegistryReconciliation,2,msp_controller.go
msp,(*MspController).StopWatchersOnErr,2,msp_controller.go
msp,GetPlatformClientName,2,msp_controller.go
msp,(*MspController).enableRegistryOnNode,2,msp_controller.go
msp,getHostAliases,2,msp_controller.go
msp,(*MspController).GenerateP8sCerts,2,msp_controller.go
msp,(*MspController).getCSICertSecretConfig,2,msp_controller.go
msp,(*MspController).isK8sStoragePluginAuthClient,2,msp_controller.go
msp,(*MspController).setK8sClusterMaintenanceConfig,2,msp_controller.go
msp,(*MspController).setKubeProxyConfig,2,msp_controller.go
msp,GetRegistryName,2,msp_controller.go
msp,(*MspController).deployCloudProvider,2,msp_controller.go
msp,(*MspController).deployMutator,2,msp_controller.go
msp,NewMspController,2,msp_controller.go
msp,getDataStoreForImage,2,msp_config.go
msp,generateVcenterExtension,2,msp_config.go
msp,convertQcowImagesToHostImages,2,msp_config.go
msp,(*MspConfig).ApplyStorageConfig,2,msp_config.go
msp,(*MspConfig).GetAnyK8sStorageConfig,2,msp_config.go
msp,(*MspConfig).updateEtcdStorageconfig,2,msp_config.go
msp,(*MspConfig).ConvertVolumePluginStorageConfig,2,msp_config.go
msp,(*MspConfig).SetDefaultISCSIClientName,2,msp_config.go
msp,(*MspConfig).ApplyCSIDriverConfig,2,msp_config.go
msp,(*MspConfig).ApplyVolumePluginConfig,2,msp_config.go
msp,(*MspConfig).OnPremLoggingSpec,2,msp_config.go
msp,(*MspConfig).getK8sClusterMaintainerConfig,2,msp_config.go
msp,(*MspConfig).getFlanneldConfig,2,msp_config.go
msp,(*MspConfig).getKubeProxyConfig,2,msp_config.go
msp,(*MspConfig).getTunableParameters,2,msp_config.go
msp,(*MspConfig).getLoggingSpec,2,msp_config.go
msp,NewMspConfig,2,msp_config.go
msp,(*Msp).GetK8sClient,2,msp_api_utils.go
msp,(*Msp).GetK8sClientFromStatus,2,msp_api_utils.go
msp,(*Msp).GetK8sRESTClient,2,msp_api_utils.go
msp,(*Msp).GetSmspClusterList,2,msp_api_utils.go
msp,(*Msp).GetUpgradeStatus,2,msp_api_utils.go
msp,(*Msp).GetUnfilteredCAChainFromIDF,2,msp.go
msp,(*Msp).IsMspActive,2,msp.go
msp,(*Msp).UpdateConvertToHAStatus,2,msp.go
msp,(*Msp).deletePrimaryMsp,2,msp.go
msp,(*Msp).CheckExistingDeployment,2,msp.go
msp,(*Msp).GetPrimaryMspUuid,2,msp.go
msp,(*Msp).RegisterMspControllerNodesZKWatch,2,msp.go
msp,(*Msp).GetMspEntityFromName,2,msp.go
msp,(*Msp).GetServiceMsp,2,msp.go
msp,(*Msp).RegisterTaskHandler,2,msp.go
msp,(*Msp).RegisterTaskHandlers,2,msp.go
msp,(*Msp).UpdateAirGap,2,msp.go
msp,(*Msp).GetAirGap,2,msp.go
msp,(*Msp).PopulateAirGapProxy,2,msp.go
msp,(*Msp).initPulseDataCollection,2,msp.go
msp,(*Msp).SetAutoRemovePolicy,2,msp.go
msp,(*MspPkgRepoVersionHistory).UnmarshalStrAttr,2,msp.go
msp,(*MspPkgRepoVersionHistory).MarshalStrAttr,2,msp.go
msp,(*ImageMapType).UnmarshalStrAttr,2,msp.go
msp,(*MockIMspContext).PushImageToRegistryWithRetry,2,mock_msp_context.go
msp,(*MDUpgradeCallback).GetVersion,2,md_upgrade_cb.go
msp,(*SmspLinkingTaskHandler).parseArgs,2,link_pending_smsp_task.go
msp,(*MspLbController).adddXDSServiceCerts,2,lbctl.go
msp,(*LBCUpgradeCallback).GetVersion,2,lb_upgrade_cb.go
msp,(*MspLbController).ValidateLBConfig,2,lb_controller.go
msp,(*MspLbController).UseExistingLoadBalancer,2,lb_controller.go
msp,envoyCleanupOnError,2,lb_controller.go
msp,sanitizeForHostname,2,lb_controller.go
msp,(*MspController).NewLbController,2,lb_controller.go
msp,ParseLoadBalancersConfig,2,lb_config.go
msp,(*EnvoyUpgradeCallback).GetVersion,2,envoy_upgrade_cp.go
msp,(*UseEnvoy).Cleanup,2,envoy_deploy.go
msp,getEnvoyFirewallConfigSshOpts,2,envoy_deploy.go
msp,(*EnvoyInstance).getDynamicBootstrapResources,2,envoy_deploy.go
msp,(*EnvoyInstance).getConfigurationSecrets,2,envoy_deploy.go
msp,(*EnvoyInstance).getAdminServiceConfig,2,envoy_deploy.go
msp,getEnvoyAdminPort,2,envoy_deploy.go
msp,GetIPList,2,ecr_proxy.go
msp,(*Msp).updateLoadBalancer,2,dc_lb.go
msp,(*DcLbInstance).Node,2,dc_lb.go
msp,(*CreateNodePoolTaskHandler).updateWAL,2,create_nodepool_task.go
msp,(*CreateNodePoolTaskHandler).parseArgs,2,create_nodepool_task.go
msp,(*CPUpgradeCallback).GetVersion,2,cp_upgrade_cb.go
msp,(*Config).IsCSIDriverConfigApplied,2,config.go
msp,(*Config).IsStorageConfigApplied,2,config.go
msp,removeTaintFlagAndRestartKubelet,2,common_msp.go
msp,isSearchStringUpdateRequired,2,cmsp_utils.go
msp,cmspMountPath,2,cmsp_utils.go
msp,genRand,2,cmsp_config.go
msp,(*CMSPConfig).UnmarshalStrAttr,2,cmsp.go
msp,(*CMSPConfig).MarshalStrAttr,2,cmsp.go
msp,(*PackageUploadTaskHandler).updateWAL,2,cluster_upgrade_task.go
msp,parsePackageUploadArgs,2,cluster_upgrade_task.go
msp,parseClusterUpgradeArgs,2,cluster_upgrade_task.go
msp,(*ClusterUpgradeTaskHandler).updateWAL,2,cluster_upgrade_task.go
msp,checkHostImageVersionCompatibility,2,cluster_upgrade_prechecks.go
msp,(*Msp).checkPMSPUpgrade,2,cluster_upgrade_prechecks.go
msp,addToMigratedClusters,2,cluster_migration_task.go
msp,(*ClusterMigrationTaskHandler).parseArgs,2,cluster_migration_task.go
msp,(*ClusterDestroyTaskHandler).parseArgs,2,cluster_destroy_task.go
msp,parseClusterDeployArgs,2,cluster_deployment_parent_task.go
msp,(*ClusterDeployTaskHandler).updateWAL,2,cluster_deployment_parent_task.go
msp,scaleoutEtcdCluster,2,cluster_convert_ha_task.go
msp,setupMonitoring,2,cluster_convert_ha_task.go
msp,applyBaseServices,2,cluster_convert_ha_task.go
msp,setupLB,2,cluster_convert_ha_task.go
msp,setupWorker,2,cluster_convert_ha_task.go
msp,scaleoutMaster,2,cluster_convert_ha_task.go
msp,scaleoutMspDNS,2,cluster_convert_ha_task.go
msp,scrubMspOnConvertHA,2,cluster_convert_ha_task.go
msp,parseClusterConvertHAArgs,2,cluster_convert_ha_task.go
msp,(*MspController).isCloudProviderAuthClient,2,cloudprovider.go
msp,ParseStatic,2,cloudprovider.go
msp,(*RotateCertificatesTaskHandler).updateWAL,2,certificate_rotation_task.go
msp,(*RotateCertificatesTaskHandler).parseArgs,2,certificate_rotation_task.go
msp,(*CertificateRotationParentTaskHandler).deleteWAL,2,certificate_rotation_parent_task.go
msp,(*CertificateRotationParentTaskHandler).updateWAL,2,certificate_rotation_parent_task.go
msp,(*CertificateRotationParentWAL).UnmarshalStrAttr,2,certificate_rotation_parent_task.go
msp,(*CertificateRotationParentWAL).MarshalStrAttr,2,certificate_rotation_parent_task.go
msp,ProcessCertRotatorFlags,2,certificate_rotation_parent_task.go
msp,(*CertificateReplacementTaskHandler).updateWAL,2,cert_replacement_task.go
msp,(*CertificateReplacementTaskHandler).parseArgs,2,cert_replacement_task.go
msp,(*BaseServicesDeleteHandler).parseArgs,2,base_services_task.go
msp,(*BaseServicesAddHandler).parseArgs,2,base_services_task.go
msp,deleteBaseServicesPVCs,2,base_services.go
msp,deploySubService,2,base_services.go
msp,applyImmutableYAML,2,applyyaml.go
msp,applyYAMLTpl,2,applyyaml.go
msp,applyYAML,2,applyyaml.go
msp,RenameImageFile,2,airgap.go
msp,(*AddNodeTaskHandler).parseArgs,2,add_node_task.go
